Time [s],Channel 0
0.000000000,1
0.461321667,0
0.461331667,1
0.471306292,0
0.471316167,1
0.481291542,0
0.481301417,1
0.491276792,0
0.491286667,1
0.501261250,0
0.501271125,1
0.511244500,0
0.511254375,1
0.521227667,0
0.521237542,1
0.531214083,0
0.531223958,1
0.541198833,0
0.541208708,1
0.551183625,0
0.551193500,1
0.561168625,0
0.561178500,1
0.571153292,0
0.571163167,1
0.581137917,0
0.581147792,1
0.591123333,0
0.591133208,1
0.601107958,0
0.601117833,1
0.611091792,0
0.611101667,1
0.621075958,0
0.621085833,1
0.631061000,0
0.631070875,1
0.641046583,0
0.641056458,1
0.651030875,0
0.651040750,1
0.661015042,0
0.661024917,1
0.671000042,0
0.671009875,1
0.680984792,0
0.680994625,1
0.690969250,0
0.690979125,1
0.700953792,0
0.700963667,1
0.710937958,0
0.710947833,1
0.720921750,0
0.720931625,1
0.730906125,0
0.730916000,1
0.740889333,0
0.740899208,1
0.750872417,0
0.750882292,1
0.760855875,0
0.760865750,1
0.770838417,0
0.770848292,1
0.780820500,0
0.780830375,1
0.790804125,0
0.790814000,1
0.800787917,0
0.800797792,1
0.810771333,0
0.810781208,1
0.820754542,0
0.820764417,1
0.830737625,0
0.830747500,1
0.840722833,0
0.840732708,1
0.850707333,0
0.850717208,1
0.860691292,0
0.860701167,1
0.870676083,0
0.870685958,1
0.880661333,0
0.880671208,1
0.890645542,0
0.890655417,1
0.900630167,0
0.900640042,1
0.910614875,0
0.910624750,1
0.920598375,0
0.920608250,1
0.930582042,0
0.930591917,1
0.940566708,0
0.940576583,1
0.950551250,0
0.950561125,1
0.960537000,0
0.960546875,1
0.970521417,0
0.970531292,1
0.980505750,0
0.980515625,1
0.990490792,0
0.990500667,1
1.000475500,0
1.000485375,1
1.010458833,0
1.010468708,1
1.020441708,0
1.020451583,1
1.030424667,0
1.030434542,1
1.040409042,0
1.040418917,1
1.050393417,0
1.050403292,1
1.060378208,0
1.060388083,1
1.070362458,0
1.070372333,1
1.080347167,0
1.080357042,1
1.090331083,0
1.090340958,1
1.100315375,0
1.100325250,1
1.110299708,0
1.110309583,1
1.120283042,0
1.120292917,1
1.130266208,0
1.130276083,1
1.140250042,0
1.140259917,1
1.150233625,0
1.150243500,1
1.160218125,0
1.160228000,1
1.170200500,0
1.170210375,1
1.180185083,0
1.180194958,1
1.190169292,0
1.190179167,1
1.200152583,0
1.200162458,1
1.210137125,0
1.210147000,1
1.220120917,0
1.220130792,1
1.230104875,0
1.230114750,1
1.240087958,0
1.240097833,1
1.250071667,0
1.250081542,1
1.260056917,0
1.260066792,1
1.270042250,0
1.270052125,1
1.280027667,0
1.280037542,1
1.290012083,0
1.290021958,1
1.299995042,0
1.300004917,1
1.309977167,0
1.309987042,1
1.319961125,0
1.319971000,1
1.329943208,0
1.329953083,1
1.339925417,0
1.339935250,1
1.349908125,0
1.349918000,1
1.359891208,0
1.359901042,1
1.369874667,0
1.369884542,1
1.379857125,0
1.379867000,1
1.389839417,0
1.389849292,1
1.399821208,0
1.399831083,1
1.409804000,0
1.409813875,1
1.419787042,0
1.419796917,1
1.429770042,0
1.429779917,1
1.439753625,0
1.439763500,1
1.449738000,0
1.449747875,1
2.112706292,0
2.112716250,1
2.122690458,0
2.122700292,1
2.132675542,0
2.132685417,1
2.142660625,0
2.142670500,1
2.152645042,0
2.152654917,1
2.162630250,0
2.162640125,1
2.172614833,0
2.172624708,1
2.182599250,0
2.182609125,1
2.192583458,0
2.192593333,1
2.202568542,0
2.202578417,1
2.212553583,0
2.212563458,1
2.222538833,0
2.222548708,1
2.232523125,0
2.232533000,1
2.242506833,0
2.242516708,1
2.252491333,0
2.252501208,1
2.262476708,0
2.262486583,1
2.272461250,0
2.272471125,1
2.282445458,0
2.282455333,1
2.292430042,0
2.292439917,1
2.302414542,0
2.302424417,1
2.312399000,0
2.312408875,1
2.322383958,0
2.322393833,1
2.332368333,0
2.332378208,1
2.342351167,0
2.342361000,1
2.352334625,0
2.352344500,1
2.362320958,0
2.362330792,1
2.372306542,0
2.372316417,1
2.382292958,0
2.382302833,1
2.392279583,0
2.392289458,1
2.402265875,0
2.402275750,1
2.412252000,0
2.412261875,1
2.422237000,0
2.422246875,1
2.432220958,0
2.432230833,1
2.442205917,0
2.442215792,1
2.452191792,0
2.452201667,1
2.462176167,0
2.462186042,1
2.472159750,0
2.472169625,1
2.482144333,0
2.482154208,1
2.492129667,0
2.492139542,1
2.502115208,0
2.502125083,1
2.512100708,0
2.512110583,1
2.522086375,0
2.522096250,1
2.532073000,0
2.532082875,1
2.542056958,0
2.542066833,1
2.552041417,0
2.552051292,1
2.562025083,0
2.562034958,1
2.572007833,0
2.572017708,1
2.581992042,0
2.582001917,1
2.591976833,0
2.591986708,1
2.601962667,0
2.601972542,1
2.611948542,0
2.611958375,1
2.621933500,0
2.621943375,1
2.631918875,0
2.631928708,1
2.641904417,0
2.641914292,1
2.651889708,0
2.651899583,1
2.661875792,0
2.661885667,1
2.671861667,0
2.671871542,1
2.681846042,0
2.681855917,1
2.691831583,0
2.691841458,1
2.701817292,0
2.701827125,1
2.711803625,0
2.711813458,1
2.721789167,0
2.721799042,1
2.731775333,0
2.731785208,1
2.741762000,0
2.741771875,1
2.751747042,0
2.751756917,1
2.761732250,0
2.761742083,1
2.771716833,0
2.771726667,1
2.781701583,0
2.781711458,1
2.791686292,0
2.791696167,1
2.801671625,0
2.801681500,1
2.811658250,0
2.811668125,1
2.821644125,0
2.821654000,1
2.831629250,0
2.831639125,1
2.841614208,0
2.841624083,1
2.851600375,0
2.851610250,1
2.861586167,0
2.861596042,1
2.871572667,0
2.871582542,1
2.881559958,0
2.881569833,1
2.891546625,0
2.891556500,1
2.901532875,0
2.901542750,1
2.911519958,0
2.911529833,1
2.921506875,0
2.921516708,1
2.931492625,0
2.931502500,1
2.941479333,0
2.941489208,1
2.951465500,0
2.951475375,1
2.961451625,0
2.961461500,1
2.971438292,0
2.971448167,1
2.981424208,0
2.981434083,1
2.991410458,0
2.991420292,1
3.001397458,0
3.001407333,1
3.011384292,0
3.011394167,1
3.021370042,0
3.021379917,1
3.031356333,0
3.031366208,1
3.041343208,0
3.041353083,1
3.051330500,0
3.051340375,1
3.061317833,0
3.061327708,1
3.071304750,0
3.071314625,1
3.081289917,0
3.081299792,1
3.091276583,0
3.091286417,1
3.101263500,0
3.101273375,1
3.695063583,0
3.695073583,1
3.705046042,0
3.705055917,1
3.715028542,0
3.715038417,1
3.725013208,0
3.725023083,1
3.734998333,0
3.735008208,1
3.744982792,0
3.744992667,1
3.754967083,0
3.754976958,1
3.764951583,0
3.764961458,1
3.774936208,0
3.774946083,1
3.784920417,0
3.784930292,1
3.794905167,0
3.794915042,1
3.804889583,0
3.804899458,1
3.814874125,0
3.814884000,1
3.824857458,0
3.824867333,1
3.834841083,0
3.834850958,1
3.844825833,0
3.844835708,1
3.854811750,0
3.854821625,1
3.864797833,0
3.864807708,1
3.874784833,0
3.874794708,1
3.884770042,0
3.884779917,1
3.894754833,0
3.894764708,1
3.904740167,0
3.904750042,1
3.914725250,0
3.914735083,1
3.924710417,0
3.924720250,1
3.934695542,0
3.934705417,1
3.944681583,0
3.944691458,1
3.954666583,0
3.954676458,1
3.964650708,0
3.964660583,1
3.974635375,0
3.974645250,1
3.984621000,0
3.984630875,1
3.994608083,0
3.994617958,1
4.004594917,0
4.004604792,1
4.014579708,0
4.014589583,1
4.024565333,0
4.024575208,1
4.034551292,0
4.034561167,1
4.044537708,0
4.044547583,1
4.054523250,0
4.054533125,1
4.064509083,0
4.064518958,1
4.074493750,0
4.074503625,1
4.084476875,0
4.084486750,1
4.094460708,0
4.094470583,1
4.104444250,0
4.104454083,1
4.114427208,0
4.114437083,1
4.124411083,0
4.124420958,1
4.134395250,0
4.134405125,1
4.144379792,0
4.144389667,1
4.154364250,0
4.154374125,1
4.164348958,0
4.164358833,1
4.174333000,0
4.174342875,1
4.184316708,0
4.184326583,1
4.194300708,0
4.194310583,1
4.204284125,0
4.204294000,1
4.214269167,0
4.214279042,1
4.224254208,0
4.224264083,1
4.234238500,0
4.234248375,1
4.244221000,0
4.244230875,1
4.254204250,0
4.254214125,1
4.264187208,0
4.264197083,1
4.274171208,0
4.274181083,1
4.284155583,0
4.284165458,1
4.294140125,0
4.294150000,1
4.304124458,0
4.304134333,1
4.314108292,0
4.314118167,1
4.324091250,0
4.324101083,1
4.334074542,0
4.334084417,1
4.344057875,0
4.344067708,1
4.354040875,0
4.354050750,1
4.364024667,0
4.364034500,1
4.374008042,0
4.374017917,1
4.383990583,0
4.384000458,1
4.393974375,0
4.393984250,1
4.403958167,0
4.403968042,1
4.413941500,0
4.413951375,1
4.423925292,0
4.423935167,1
4.433909125,0
4.433918958,1
4.443892875,0
4.443902750,1
4.453878167,0
4.453888042,1
4.463861875,0
4.463871750,1
4.473844875,0
4.473854750,1
4.483828083,0
4.483837917,1
4.493811125,0
4.493821000,1
4.503794750,0
4.503804583,1
4.513778500,0
4.513788375,1
4.523761875,0
4.523771750,1
4.533746292,0
4.533756167,1
4.543730375,0
4.543740250,1
4.553714292,0
4.553724167,1
4.563697167,0
4.563707042,1
4.573681708,0
4.573691583,1
4.583666458,0
4.583676333,1
4.593649208,0
4.593659083,1
4.603631667,0
4.603641542,1
4.613615167,0
4.613625042,1
4.623599000,0
4.623608875,1
4.633583292,0
4.633593167,1
4.643566833,0
4.643576708,1
4.653551333,0
4.653561167,1
4.663535417,0
4.663545292,1
4.673519625,0
4.673529500,1
4.683504583,0
4.683514458,1
5.303671375,0
5.303681375,1
5.313656875,0
5.313666750,1
5.323642000,0
5.323651875,1
5.333627625,0
5.333637500,1
5.343611917,0
5.343621792,1
5.353597625,0
5.353607500,1
5.363581333,0
5.363591208,1
5.373566000,0
5.373575875,1
5.383551375,0
5.383561250,1
5.393536708,0
5.393546583,1
5.403521667,0
5.403531542,1
5.413506458,0
5.413516333,1
5.423491083,0
5.423500958,1
5.433476375,0
5.433486250,1
5.443461125,0
5.443471000,1
5.453446000,0
5.453455875,1
5.463431042,0
5.463440917,1
5.473415458,0
5.473425333,1
5.483400667,0
5.483410500,1
5.493384417,0
5.493394292,1
5.503367875,0
5.503377750,1
5.513350417,0
5.513360292,1
5.523333375,0
5.523343250,1
5.533317000,0
5.533326875,1
5.543300542,0
5.543310417,1
5.553284667,0
5.553294542,1
5.563269250,0
5.563279083,1
5.573252292,0
5.573262167,1
5.583236667,0
5.583246542,1
5.593222375,0
5.593232250,1
5.603206542,0
5.603216417,1
5.613189583,0
5.613199458,1
5.623173250,0
5.623183125,1
5.633157167,0
5.633167042,1
5.643140875,0
5.643150750,1
5.653124167,0
5.653134000,1
5.663106375,0
5.663116250,1
5.673089667,0
5.673099542,1
5.683073208,0
5.683083083,1
5.693055917,0
5.693065792,1
5.703039292,0
5.703049167,1
5.713022458,0
5.713032292,1
5.723004292,0
5.723014125,1
5.732986292,0
5.732996167,1
5.742969000,0
5.742978875,1
5.752951750,0
5.752961625,1
5.762934417,0
5.762944292,1
5.772917375,0
5.772927208,1
5.782900292,0
5.782910167,1
5.792883083,0
5.792892958,1
5.802866958,0
5.802876833,1
5.812851750,0
5.812861583,1
5.822836375,0
5.822846250,1
5.832820208,0
5.832830042,1
5.842803417,0
5.842813292,1
5.852786500,0
5.852796375,1
5.862770542,0
5.862780417,1
5.872754167,0
5.872764042,1
5.882736250,0
5.882746125,1
5.892718708,0
5.892728583,1
5.902702708,0
5.902712583,1
5.912685750,0
5.912695625,1
5.922669708,0
5.922679583,1
5.932653083,0
5.932662958,1
5.942636750,0
5.942646625,1
5.952620083,0
5.952629958,1
5.962603458,0
5.962613292,1
5.972585292,0
5.972595167,1
5.982568042,0
5.982577917,1
5.992551042,0
5.992560917,1
6.002533625,0
6.002543500,1
6.012517500,0
6.012527333,1
6.022501083,0
6.022510958,1
6.032483833,0
6.032493708,1
6.042465917,0
6.042475792,1
6.052447792,0
6.052457625,1
6.062430333,0
6.062440208,1
6.072412333,0
6.072422208,1
6.082393542,0
6.082403375,1
6.092373500,0
6.092383375,1
6.102356750,0
6.102366625,1
6.112341375,0
6.112351250,1
6.122326375,0
6.122336250,1
6.132309250,0
6.132319125,1
6.142292375,0
6.142302250,1
6.152275625,0
6.152285500,1
6.162258708,0
6.162268583,1
6.172241708,0
6.172251583,1
6.182224250,0
6.182234125,1
6.192206792,0
6.192216667,1
6.202191000,0
6.202200875,1
6.212174000,0
6.212183875,1
6.222157250,0
6.222167125,1
6.232140458,0
6.232150333,1
6.242123208,0
6.242133083,1
6.252106375,0
6.252116208,1
6.262090917,0
6.262100792,1
6.272072333,0
6.272082208,1
6.282054917,0
6.282064792,1
6.292038250,0
6.292048125,1
7.009333417,0
7.009343375,1
7.019317208,0
7.019327083,1
7.029301208,0
7.029311042,1
7.039285000,0
7.039294875,1
7.049268250,0
7.049278125,1
7.059252917,0
7.059262792,1
7.069237333,0
7.069247208,1
7.079221167,0
7.079231042,1
7.089205167,0
7.089215042,1
7.099187875,0
7.099197708,1
7.109171667,0
7.109181542,1
7.119155667,0
7.119165542,1
7.129138708,0
7.129148583,1
7.139119167,0
7.139129000,1
7.149101500,0
7.149111375,1
7.159083250,0
7.159093125,1
7.169066458,0
7.169076333,1
7.179050708,0
7.179060583,1
7.189034708,0
7.189044583,1
7.199018583,0
7.199028458,1
7.209002750,0
7.209012583,1
7.218987625,0
7.218997500,1
7.228971625,0
7.228981500,1
7.238955208,0
7.238965083,1
7.248938042,0
7.248947917,1
7.258921792,0
7.258931667,1
7.268904917,0
7.268914792,1
7.278888583,0
7.278898417,1
7.288871417,0
7.288881250,1
7.298854292,0
7.298864167,1
7.308837208,0
7.308847083,1
7.318819917,0
7.318829792,1
7.328802958,0
7.328812833,1
7.338786958,0
7.338796833,1
7.348771625,0
7.348781500,1
7.358755292,0
7.358765167,1
7.368740458,0
7.368750292,1
7.378725167,0
7.378735042,1
7.388709500,0
7.388719375,1
7.398692625,0
7.398702500,1
7.408676333,0
7.408686208,1
7.418659958,0
7.418669833,1
7.428643750,0
7.428653625,1
7.438628167,0
7.438638000,1
7.448612250,0
7.448622125,1
7.458596458,0
7.458606333,1
7.468579833,0
7.468589708,1
7.478562250,0
7.478572125,1
7.488544792,0
7.488554667,1
7.498527875,0
7.498537708,1
7.508511375,0
7.508521250,1
7.518494875,0
7.518504750,1
7.528478208,0
7.528488083,1
7.538461333,0
7.538471208,1
7.548445417,0
7.548455292,1
7.558429542,0
7.558439417,1
7.568413458,0
7.568423292,1
7.578395875,0
7.578405750,1
7.588379958,0
7.588389833,1
7.598362292,0
7.598372167,1
7.608344875,0
7.608354708,1
7.618328958,0
7.618338833,1
7.628312583,0
7.628322458,1
7.638295833,0
7.638305667,1
7.648279208,0
7.648289083,1
7.658260833,0
7.658270708,1
7.668243125,0
7.668253000,1
7.678225917,0
7.678235792,1
7.688209167,0
7.688219042,1
7.698190333,0
7.698200167,1
7.708173167,0
7.708183042,1
7.718155708,0
7.718165583,1
7.728138667,0
7.728148542,1
7.738121208,0
7.738131083,1
7.748104042,0
7.748113917,1
7.758086583,0
7.758096458,1
7.768070000,0
7.768079875,1
7.778053292,0
7.778063167,1
7.788036625,0
7.788046500,1
7.798021083,0
7.798030958,1
7.808004667,0
7.808014542,1
7.817989375,0
7.817999250,1
7.827973958,0
7.827983833,1
7.837957792,0
7.837967667,1
7.847940875,0
7.847950708,1
7.857924792,0
7.857934667,1
7.867909125,0
7.867919000,1
7.877893000,0
7.877902875,1
7.887877042,0
7.887886917,1
7.897862125,0
7.897872000,1
7.907846917,0
7.907856792,1
7.917831917,0
7.917841792,1
7.927816667,0
7.927826542,1
7.937800750,0
7.937810583,1
7.947783583,0
7.947793417,1
7.957766792,0
7.957776667,1
7.967750750,0
7.967760625,1
7.977733708,0
7.977743583,1
7.987717583,0
7.987727458,1
7.997701042,0
7.997710917,1
8.573442542,0
8.573452500,1
8.583427417,0
8.583437292,1
8.593412000,0
8.593421875,1
8.603398042,0
8.603407917,1
8.613383750,0
8.613393625,1
8.623370167,0
8.623380000,1
8.633355875,0
8.633365750,1
8.643340542,0
8.643350417,1
8.653325000,0
8.653334875,1
8.663309042,0
8.663318917,1
8.673293000,0
8.673302875,1
8.683277250,0
8.683287125,1
8.693261000,0
8.693270875,1
8.703244583,0
8.703254458,1
8.713229250,0
8.713239125,1
8.723214167,0
8.723224042,1
8.733197542,0
8.733207417,1
8.743182208,0
8.743192083,1
8.753167167,0
8.753177042,1
8.763151792,0
8.763161667,1
8.773135750,0
8.773145625,1
8.783119750,0
8.783129625,1
8.793103333,0
8.793113167,1
8.803087542,0
8.803097417,1
8.813071125,0
8.813081000,1
8.823056167,0
8.823066042,1
8.833040542,0
8.833050417,1
8.843025125,0
8.843035000,1
8.853009292,0
8.853019167,1
8.862994375,0
8.863004250,1
8.872979792,0
8.872989667,1
8.882965042,0
8.882974917,1
8.892949625,0
8.892959500,1
8.902935458,0
8.902945292,1
8.912921542,0
8.912931417,1
8.922907500,0
8.922917375,1
8.932893500,0
8.932903375,1
8.942879375,0
8.942889250,1
8.952865833,0
8.952875708,1
8.962852083,0
8.962861917,1
8.972837500,0
8.972847375,1
8.982823167,0
8.982833042,1
8.992808625,0
8.992818500,1
9.002793542,0
9.002803417,1
9.012777792,0
9.012787667,1
9.022763250,0
9.022773125,1
9.032747833,0
9.032757708,1
9.042731458,0
9.042741333,1
9.052715917,0
9.052725792,1
9.062701167,0
9.062711042,1
9.072686917,0
9.072696792,1
9.082673000,0
9.082682875,1
9.092658125,0
9.092668000,1
9.102642750,0
9.102652625,1
9.112627292,0
9.112637167,1
9.122611625,0
9.122621500,1
9.132596333,0
9.132606167,1
9.142580500,0
9.142590375,1
9.152565750,0
9.152575625,1
9.162550250,0
9.162560125,1
9.172535125,0
9.172545000,1
9.182519583,0
9.182529458,1
9.192503125,0
9.192513000,1
9.202487542,0
9.202497417,1
9.212472875,0
9.212482750,1
9.222458333,0
9.222468208,1
9.232443208,0
9.232453083,1
9.242427833,0
9.242437708,1
9.252413042,0
9.252422917,1
9.262397375,0
9.262407250,1
9.272381542,0
9.272391417,1
9.282366625,0
9.282376500,1
9.292350917,0
9.292360792,1
9.302335792,0
9.302345667,1
9.312319750,0
9.312329625,1
9.322303375,0
9.322313250,1
9.332286292,0
9.332296167,1
9.342271375,0
9.342281250,1
9.352255125,0
9.352265000,1
9.362238917,0
9.362248792,1
9.372221500,0
9.372231375,1
9.382205542,0
9.382215417,1
9.392189458,0
9.392199333,1
9.402174750,0
9.402184625,1
9.412159208,0
9.412169083,1
9.422144375,0
9.422154250,1
9.432129917,0
9.432139792,1
9.442112792,0
9.442122667,1
9.452097542,0
9.452107417,1
9.462081833,0
9.462091708,1
9.472065708,0
9.472075583,1
9.482049750,0
9.482059625,1
9.492033958,0
9.492043833,1
9.502017667,0
9.502027542,1
9.512002083,0
9.512011958,1
9.521987458,0
9.521997333,1
9.531971875,0
9.531981750,1
9.541957167,0
9.541967042,1
9.551941083,0
9.551950958,1
9.561925042,0
9.561934875,1
10.187370167,0
10.187380167,1
10.197354667,0
10.197364500,1
10.207339083,0
10.207348958,1
10.217322083,0
10.217331958,1
10.227305375,0
10.227315250,1
10.237288875,0
10.237298750,1
10.247272417,0
10.247282292,1
10.257255917,0
10.257265792,1
10.267240292,0
10.267250167,1
10.277223500,0
10.277233375,1
10.287205667,0
10.287215542,1
10.297188792,0
10.297198667,1
10.307172125,0
10.307182000,1
10.317154958,0
10.317164833,1
10.327139542,0
10.327149417,1
10.337122667,0
10.337132542,1
10.347106292,0
10.347116167,1
10.357089833,0
10.357099708,1
10.367073458,0
10.367083333,1
10.377057583,0
10.377067458,1
10.387040583,0
10.387050458,1
10.397022583,0
10.397032417,1
10.407005333,0
10.407015208,1
10.416989167,0
10.416999042,1
10.426972542,0
10.426982417,1
10.436955792,0
10.436965667,1
10.446939208,0
10.446949083,1
10.456922417,0
10.456932292,1
10.466906375,0
10.466916250,1
10.476890208,0
10.476900083,1
10.486873583,0
10.486883458,1
10.496855833,0
10.496865708,1
10.506837667,0
10.506847542,1
10.516820208,0
10.516830083,1
10.526803333,0
10.526813167,1
10.536785500,0
10.536795375,1
10.546767792,0
10.546777667,1
10.556751458,0
10.556761292,1
10.566734917,0
10.566744792,1
10.576719125,0
10.576729000,1
10.586702542,0
10.586712417,1
10.596685417,0
10.596695292,1
10.606668833,0
10.606678708,1
10.616652833,0
10.616662667,1
10.626635792,0
10.626645667,1
10.636620042,0
10.636629917,1
10.646603542,0
10.646613417,1
10.656587167,0
10.656597042,1
10.666570542,0
10.666580417,1
10.676552667,0
10.676562542,1
10.686534542,0
10.686544417,1
10.696517083,0
10.696526958,1
10.706500625,0
10.706510458,1
10.716483042,0
10.716492917,1
10.726466083,0
10.726475958,1
10.736448917,0
10.736458792,1
10.746432417,0
10.746442292,1
10.756415667,0
10.756425542,1
10.766398750,0
10.766408583,1
10.776381000,0
10.776390875,1
10.786364292,0
10.786374167,1
10.796348250,0
10.796358125,1
10.806331500,0
10.806341375,1
10.816314458,0
10.816324333,1
10.826296708,0
10.826306583,1
10.836279000,0
10.836288833,1
10.846261208,0
10.846271042,1
10.856244042,0
10.856253917,1
10.866227542,0
10.866237417,1
10.876210125,0
10.876220000,1
10.886193250,0
10.886203125,1
10.896176083,0
10.896185958,1
10.906160250,0
10.906170125,1
10.916144208,0
10.916154083,1
10.926127458,0
10.926137333,1
10.936111000,0
10.936120875,1
10.946094333,0
10.946104208,1
10.956077625,0
10.956087500,1
10.966060083,0
10.966069958,1
10.976043958,0
10.976053833,1
10.986027458,0
10.986037333,1
10.996011042,0
10.996020875,1
11.005994292,0
11.006004167,1
11.015978167,0
11.015988042,1
11.025962500,0
11.025972375,1
11.035946208,0
11.035956083,1
11.045930375,0
11.045940250,1
11.055913792,0
11.055923667,1
11.065896750,0
11.065906583,1
11.075879750,0
11.075889625,1
11.085863333,0
11.085873208,1
11.095846667,0
11.095856542,1
11.105828833,0
11.105838667,1
11.115811250,0
11.115821125,1
11.125794208,0
11.125804083,1
11.135778417,0
11.135788250,1
11.145761542,0
11.145771417,1
11.155743250,0
11.155753125,1
11.165726458,0
11.165736333,1
11.175709375,0
11.175719250,1
11.861333333,1
